<?xml version="1.0" encoding="UTF-8"?>
<!DOCTYPE pokedex SYSTEM "pokedex.dtd">
<?xml-model href="pokedex.xsd" type="application/xml" schematypens="http://www.w3.org/2001/XMLSchema"?>
<pokedex>
    <pokemon nombre="Bulbasur" num_pokedex="1" url_imagen="https://www.pokemon.com/static-assets/content-assets/cms2/img/pokedex/full/001.png">
        <evoluciones>
            <evolucion>
                <orden>-1</orden>
                <num_pokedex>2</num_pokedex>
            </evolucion>
        </evoluciones>
        <tipologia>
            <tipos>
                <tipo>
                    <descripcion>planta</descripcion>
                </tipo>
            </tipos>
            <debilidades>
                <debilidad>
                    <tipo_debilidad>fuego</tipo_debilidad>
                    <efectividad>x2</efectividad>
                </debilidad>
            </debilidades>
        </tipologia>
        <datos_generales>
            <altura>0.45</altura>
            <peso>20</peso>
            <sexo>M</sexo>
            <categoria>Semilla</categoria>
            <habilidad>Espesura</habilidad>
        </datos_generales>
        <stats_base>
            <ps>30</ps>
            <at>10</at>
            <def>12</def>
            <spat>15</spat>
            <spde>13</spde>
            <vel>5</vel>
        </stats_base>
    </pokemon>
</pokedex>